time,aX,aY,aZ,hr,soundDB
1650296833114,4.98,5.10,4.45,0,-14.89454989793388
1650296838032,4.96,5.10,4.55,0,-14.424927980943421
